{"matchesPlayedPerYear":{"RN ten Doeschate":4,"J Yadav":4.142857142857143,"R Ashwin":5.725,"S Nadeem":5.863636363636364,"V Kohli":6,"Z Khan":6.15483870967742,"Parvez Rasool":6.2,"MC Henriques":6.2675159235668785,"MA Starc":6.8,"Sandeep Sharma":6.92604501607717,"M Vijay":7,"GB Hogg":7.0476190476190474,"Gurkeerat Singh":7.071428571428571,"A Nehra":7.115183246073299,"SL Malinga":7.190476190476191,"STR Binny":7.2100840336134455,"IC Pandey":7.238095238095238,"JP Duminy":7.245283018867924,"S Aravind":7.26605504587156,"M Morkel":7.310344827586207,"Bipul Sharma":7.317073170731708,"SK Raina":7.421052631578948,"Iqbal Abdulla":7.438016528925619,"HV Patel":7.477941176470588,"CH Morris":7.494423791821561,"M de Lange":7.5,"A Mishra":7.518072289156627,"NM Coulter-Nile":7.5227272727272725,"SP Narine":7.530612244897959,"Harbhajan Singh":7.702005730659026,"DJ Muthuswami":7.714285714285714,"RA Jadeja":7.767441860465116,"PP Chawla":7.783018867924528,"MJ McClenaghan":7.821782178217822,"PV Tambe":7.852941176470588,"B Kumar":7.856249999999999,"AD Russell":7.904761904761905,"TA Boult":7.922651933701657,"DS Kulkarni":7.945205479452055,"Ankit Sharma":7.953488372093023,"RS Bopara":8.065573770491804,"J Botha":8.065573770491804,"DJ Hooda":8.103092783505154,"AD Mathews":8.163934426229508,"Yuvraj Singh":8.181818181818182,"DJ Bravo":8.185185185185185,"CJ Anderson":8.25,"MM Sharma":8.262857142857143,"A Ashish Reddy":8.27027027027027,"D Wiese":8.275862068965518,"AR Patel":8.283737024221454,"Shakib Al Hasan":8.292134831460674,"BE Hendricks":8.296296296296296,"R Dhawan":8.430379746835444,"R Vinay Kumar":8.431818181818182,"J Suchith":8.485355648535565,"SR Watson":8.487046632124352,"P Negi":8.491803278688524,"KV Sharma":8.521008403361344,"Imran Tahir":8.63013698630137,"DJG Sammy":8.666666666666666,"CH Gayle":8.727272727272728,"UT Yadav":8.762264150943397,"TG Southee":8.793103448275861,"YS Chahal":8.819787985865725,"P Kumar":8.85589519650655,"Anureet Singh":8.888198757763975,"NLTC Perera":8.91891891891892,"P Suyal":8.953846153846154,"KA Pollard":8.962962962962964,"MG Johnson":9.02608695652174,"DW Steyn":9.079646017699115,"GJ Maxwell":9.238095238095237,"DR Smith":9.272727272727273,"JP Faulkner":9.278571428571428,"JA Morkel":9.287671232876713,"J Theron":9.461538461538462,"PJ Cummins":9.507692307692308,"VR Aaron":9.557522123893806,"R Bhatia":9.724137931034484,"YK Pathan":10,"HH Pandya":10.075471698113207,"AN Ahmed":10.18421052631579,"RG More":10.216216216216216,"R Tewatia":10.333333333333334,"SA Abbott":10.6875,"GS Sandhu":10.75,"BB Sran":10.799999999999999,"Karanveer Singh":10.96551724137931,"I Sharma":10.977272727272728,"JJ Bumrah":11.26530612244898,"AB Dinda":11.454545454545455,"S Gopal":11.5,"Azhar Mahmood":12.299999999999999,"PP Ojha":12.545454545454547,"SN Thakur":13,"JD Unadkat":13.846153846153847,"KC Cariappa":15.272727272727273,"Shivam Sharma":15.529411764705882}}