{"matchesPlayedPerYear":{"I Sodhi":6,"L Ngidi":6.441717791411043,"YK Pathan":7,"Rashid Khan":7.014705882352941,"N Rana":7.105263157894737,"M Ur Rahman":7.16205533596838,"A Mishra":7.194690265486726,"KH Pandya":7.219512195121951,"JJ Bumrah":7.377643504531722,"DL Chahar":7.420408163265305,"S Lamichhane":7.479452054794521,"M Ali":7.481481481481482,"Sandeep Sharma":7.644444444444445,"YS Chahal":7.681528662420382,"B Kumar":7.768421052631579,"S Gopal":7.787234042553192,"RA Jadeja":7.800000000000001,"SP Narine":7.869918699186992,"M Ashwin":7.909090909090909,"R Ashwin":8.0828025477707,"R Tewatia":8.106870229007635,"UT Yadav":8.127272727272727,"Shakib Al Hasan":8.134110787172013,"GJ Maxwell":8.204081632653061,"K Gowtham":8.222222222222221,"B Stanlake":8.288659793814432,"BA Stokes":8.301724137931036,"AJ Tye":8.348571428571429,"Kuldeep Yadav":8.384615384615385,"J Archer":8.409638554216867,"Mustafizur Rahman":8.479041916167665,"Harbhajan Singh":8.5,"AR Patel":8.582278481012658,"S Kaul":8.603491271820449,"PP Chawla":8.655405405405405,"MJ McClenaghan":8.74698795180723,"M Markande":8.784905660377358,"AS Rajpoot":8.891566265060241,"SR Watson":9,"D Short":9,"DJ Hooda":9,"M Lomror":9,"C de Grandhomme":9.030927835051546,"TG Southee":9.032967032967033,"Mohammed Siraj":9.068181818181818,"L Plunkett":9.155844155844155,"TA Boult":9.16564417177914,"HH Pandya":9.222222222222221,"P Krishna":9.238636363636363,"SN Thakur":9.246575342465754,"DT Christian":9.380281690140844,"Mohammad Nabi":9.4,"DS Kulkarni":9.456000000000001,"AD Russell":9.464435146443513,"KV Sharma":9.517241379310345,"Imran Tahir":9.523809523809524,"JD Unadkat":9.561290322580646,"CR Brathwaite":9.619047619047619,"S Mavi":9.653631284916202,"HV Patel":9.798165137614678,"BCJ Cutting":9.885714285714286,"B Laughlin":9.895522388059701,"DJ Bravo":9.940828402366863,"D Willey":9.966101694915254,"CJ Jordan":10,"Washington Sundar":10.016528925619834,"BB Sran":10.232876712328768,"K Khejroliya":10.26086956521739,"MG Johnson":10.318181818181818,"Mohammed Shami":10.428571428571429,"PJ Sangwan":10.5,"CH Morris":10.758620689655173,"S Nadeem":10.76086956521739,"Avesh Khan":10.810344827586208,"CR Woakes":10.956521739130434,"Anureet Singh":10.956521739130434,"Yuvraj Singh":11.076923076923078,"MP Stoinis":11.090909090909092,"MM Sharma":11.091891891891892,"MK Tiwary":11.142857142857142,"V Shankar":11.272727272727273,"Basil Thampi":11.32258064516129,"T Curran":11.34375,"J Dala":11.666666666666666,"A Dananjaya":12,"KM Asif":12.157894736842106,"P Negi":12.25,"J Searles":12.266666666666667,"JP Duminy":12.705882352941176,"K Ahmed":12.947368421052632,"Ankit Sharma":13.2,"CJ Anderson":13.527272727272727,"M Wood":13.565217391304348,"STR Binny":14.999999999999998,"R Vinay Kumar":16.08}}