{"matchesPlayedPerYear":{"N Rana":3.5999999999999996,"MR Marsh":4.8,"Sachin Baby":5.333333333333333,"YK Pathan":5.351351351351351,"JW Hastings":5.6923076923076925,"CH Gayle":6.290322580645161,"Mustafizur Rahman":6.8138297872340425,"A Zampa":6.815533980582524,"M Vijay":6.857142857142857,"R Ashwin":6.9264705882352935,"CH Morris":7.007299270072993,"BCJ Cutting":7.0588235294117645,"SP Narine":7.099236641221374,"Anureet Singh":7.135135135135135,"Gurkeerat Singh":7.153846153846154,"DJ Hooda":7.2749999999999995,"J Yadav":7.281553398058252,"B Kumar":7.2898550724637685,"S Aravind":7.318681318681319,"Sandeep Sharma":7.333333333333333,"KH Pandya":7.360824742268041,"DS Kulkarni":7.373737373737374,"Ankit Sharma":7.411764705882352,"A Mishra":7.420494699646643,"TG Southee":7.455223880597015,"R Vinay Kumar":7.463414634146342,"R Dhawan":7.466666666666667,"C Munro":7.5,"A Nehra":7.5,"AB Dinda":7.531914893617022,"Z Khan":7.549815498154982,"PP Chawla":7.583333333333333,"JJ Bumrah":7.584158415841584,"IK Pathan":7.625,"P Kumar":7.673981191222571,"JP Duminy":7.674418604651162,"JO Holder":7.682926829268293,"STR Binny":7.730769230769232,"RA Jadeja":7.773279352226721,"R Bhatia":7.7934782608695645,"Shakib Al Hasan":7.8,"MC Henriques":7.886792452830188,"YS Chahal":7.967532467532467,"Harbhajan Singh":8.042553191489361,"AD Russell":8.0625,"MJ McClenaghan":8.063694267515924,"BB Sran":8.076923076923077,"AR Patel":8.088737201365188,"MM Sharma":8.092105263157896,"CR Brathwaite":8.112676056338028,"DL Chahar":8.129032258064516,"M Morkel":8.154545454545454,"SR Watson":8.166666666666666,"DR Smith":8.176991150442479,"NM Coulter-Nile":8.181818181818182,"Yuvraj Singh":8.210526315789474,"S Kaushik":8.297872340425531,"S Nadeem":8.373626373626374,"Kuldeep Yadav":8.383561643835616,"KS Williamson":8.4,"HH Pandya":8.411764705882353,"Iqbal Abdulla":8.415584415584416,"AS Rajpoot":8.416666666666666,"P Sahu":8.52336448598131,"SK Raina":8.542372881355933,"DJ Bravo":8.655172413793103,"MP Stoinis":8.700000000000001,"Imran Tahir":8.721649484536082,"CJ Jordan":8.817679558011049,"GJ Maxwell":8.836363636363638,"SM Boland":8.842105263157896,"VR Aaron":8.864516129032259,"SB Jakati":8.901639344262296,"GB Hogg":8.90721649484536,"Bipul Sharma":9,"TA Boult":9,"PV Tambe":9.031578947368422,"M Ashwin":9.039473684210527,"RP Singh":9.163636363636364,"UT Yadav":9.225,"DW Steyn":9.272727272727273,"R Sathish":9.31578947368421,"KC Cariappa":9.320388349514563,"JP Faulkner":9.333333333333334,"Parvez Rasool":9.397590361445783,"T Shamsi":9.4375,"P Negi":9.50943396226415,"MG Johnson":9.529411764705882,"NLTC Perera":9.683168316831685,"Mohammed Shami":9.692307692307692,"V Kohli":9.75,"HV Patel":9.910112359550562,"I Sharma":9.91304347826087,"KW Richardson":10.097560975609756,"Swapnil Singh":10.235294117647058,"KV Sharma":10.44,"AF Milne":10.559999999999999,"KJ Abbott":10.811881188118813,"D Wiese":10.88888888888889,"A Ashish Reddy":10.90909090909091,"S Ladda":11.454545454545455,"JA Morkel":12,"J Suchith":13.285714285714285,"KA Pollard":13.297297297297296,"PJ Sangwan":14,"JD Unadkat":16.333333333333332}}