{"matchesPlayedPerYear":{"JP Faulkner":5,"R Sharma":5.541528239202658,"SL Malinga":5.9395465994962215,"AJ Finch":6,"M Manhas":6,"RN ten Doeschate":6,"S Rana":6,"AG Murtaza":6.0495867768595035,"YK Pathan":6.0746887966804985,"DL Vettori":6.077170418006431,"Bipul Sharma":6.153846153846154,"Iqbal Abdulla":6.177631578947369,"AA Chavan":6.2,"R Ashwin":6.21875,"B Kumar":6.276923076923077,"SK Warne":6.295774647887324,"S Sreesanth":6.297029702970297,"DW Steyn":6.4,"RE van der Merwe":6.409090909090909,"VR Aaron":6.467532467532467,"SR Watson":6.5840707964601775,"R Bhatia":6.587628865979381,"Yuvraj Singh":6.6171428571428565,"J Botha":6.660550458715596,"Shakib Al Hasan":6.764331210191083,"JH Kallis":6.8,"A Mishra":6.833333333333333,"Harbhajan Singh":6.844036697247707,"MM Patel":6.875379939209727,"RP Singh":6.974522292993631,"CH Gayle":6.986666666666666,"BJ Hodge":7,"VS Malik":7,"DE Bollinger":7,"RA Jadeja":7.057471264367816,"NJ Rimmington":7.0588235294117645,"I Sharma":7.094890510948906,"MR Marsh":7.116279069767441,"S Dhawan":7.199999999999999,"SS Mundhe":7.199999999999999,"WD Parnell":7.239130434782608,"SK Raina":7.248554913294798,"IK Pathan":7.354166666666667,"Harmeet Singh":7.395348837209302,"B Lee":7.3992932862190814,"M Morkel":7.411764705882352,"DT Christian":7.411764705882353,"S Randiv":7.433333333333334,"M Muralitharan":7.435897435897436,"DP Nannes":7.4399999999999995,"DJ Bravo":7.453125,"R Vinay Kumar":7.472924187725632,"Z Khan":7.479892761394102,"DS Kulkarni":7.488,"PP Ojha":7.5267857142857135,"AC Thomas":7.531380753138075,"S Nadeem":7.565217391304348,"SB Jakati":7.567164179104478,"P Kumar":7.591397849462366,"JD Ryder":7.595744680851064,"A Singh":7.611428571428571,"SB Wagh":7.705882352941177,"PC Valthaty":7.795918367346939,"AL Menaria":7.806451612903226,"S Aravind":7.854166666666667,"CK Langeveldt":7.885714285714286,"V Kohli":7.924528301886792,"R Sathish":7.935483870967741,"NLTC Perera":7.953488372093023,"M Kartik":7.96875,"AM Salvi":8.04,"JP Duminy":8.054054054054054,"SW Tait":8.058823529411764,"PP Chawla":8.063241106719367,"NL McCullum":8.076923076923077,"BA Bhatt":8.127906976744185,"JD Unadkat":8.162162162162161,"L Balaji":8.177935943060497,"KA Pollard":8.185873605947956,"KMDN Kulasekara":8.210526315789474,"JE Taylor":8.213114754098362,"RJ Harris":8.23972602739726,"RV Gomez":8.241758241758243,"TL Suman":8.333333333333334,"SK Trivedi":8.334841628959275,"AUK Pathan":8.4,"Y Gnaneswara Rao":8.4,"JA Morkel":8.417266187050359,"JR Hopes":8.436548223350254,"P Parameswaran":8.474226804123711,"TG Southee":8.491525423728813,"AN Ahmed":8.544,"Anand Rajan":8.571428571428571,"AB Agarkar":8.634146341463415,"J Syed Mohammad":8.727272727272728,"TM Dilshan":8.756756756756756,"SJ Srivastava":8.834645669291339,"A Mithun":8.863636363636365,"DB Ravi Teja":9,"AM Nayar":9.047619047619047,"UT Yadav":9.132743362831858,"AB Dinda":9.173076923076923,"RR Powar":9.333333333333334,"JEC Franklin":9.428571428571429,"MS Gony":9.555555555555555,"AS Raut":9.6,"AA Kazi":9.692307692307693,"R McLaren":10.01834862385321,"AA Jhunjhunwala":10.153846153846155,"Joginder Sharma":10.2,"A Symonds":10.25,"S Ladda":10.5,"STR Binny":10.559999999999999,"JJ van der Wath":10.578947368421053,"MK Tiwary":10.615384615384617,"R Ninan":10.833333333333334,"LRPL Taylor":11,"RW Price":11,"JDP Oram":11.5,"AB McDonald":11.5,"ND Doshi":11.625,"Y Nagar":11.823529411764705,"B Akhil":12,"Pankaj Singh":12,"DJ Hussey":12.666666666666666,"RG Sharma":12.719999999999999,"SB Styris":13,"L Ablish":13.76470588235294,"Y Venugopal Rao":15.6,"Kamran Khan":15.666666666666666,"B Chipli":20,"P Prasanth":21.599999999999998,"I Malhotra":23,"S Sriram":25}}