{"matchesPlayedPerYear":{"S Dube":4.909090909090909,"A Roy":5.6,"SK Raina":6,"STR Binny":6.272727272727273,"RA Jadeja":6.4924012158054705,"R Tewatia":6.615384615384615,"RD Chahar":6.650349650349651,"Rashid Khan":6.735694822888283,"A Mishra":6.765432098765432,"M Ali":6.979591836734694,"Imran Tahir":7.075324675324675,"M Santner":7.159090909090909,"Mohammad Nabi":7.172413793103448,"JJ Bumrah":7.228346456692913,"Harbhajan Singh":7.24907063197026,"R Ashwin":7.276967930029155,"J Yadav":7.285714285714286,"AR Patel":7.289902280130294,"J Suchith":7.304347826086956,"S Warrier":7.333333333333333,"KH Pandya":7.340425531914893,"S Gopal":7.349480968858132,"DL Chahar":7.488833746898263,"J Archer":7.546153846153846,"M Ashwin":7.7019230769230775,"MJ McClenaghan":7.964601769911505,"YK Pathan":8,"B Kumar":8.016528925619834,"K Rabada":8.128378378378377,"SP Narine":8.131868131868131,"DJ Bravo":8.198473282442748,"I Sharma":8.23157894736842,"YS Chahal":8.28,"S Sharma":8.340909090909092,"K Ahmed":8.416289592760181,"V Shankar":8.423076923076923,"TA Boult":8.5,"Kuldeep Yadav":8.613861386138614,"K Paul":8.7,"N Saini":8.709030100334449,"R Parag":8.74698795180723,"S Kuggeleijn":8.76,"Washington Sundar":8.76923076923077,"S Rutherford":8.8,"K Gowtham":8.80327868852459,"Shakib Al Hasan":8.818181818181818,"H Gurney":8.821428571428571,"MP Stoinis":8.854368932038835,"S Kaul":8.911242603550296,"Mohammed Shami":8.93655589123867,"O Thomas":8.952380952380953,"H Vihari":9,"J Behrendorff":9.078260869565216,"N Rana":9.12,"P Negi":9.126760563380282,"CR Brathwaite":9.142857142857142,"PP Chawla":9.270676691729323,"I Sodhi":9.272727272727273,"K Khejroliya":9.29032258064516,"HH Pandya":9.323420074349443,"DS Kulkarni":9.522935779816514,"SN Thakur":9.542553191489363,"S Lamichhane":9.56390977443609,"P Krishna":9.590733590733592,"H Brar":9.6,"AD Russell":9.613259668508286,"Mohammed Siraj":9.620111731843576,"CH Morris":9.658536585365855,"DJ Hooda":9.692307692307693,"M Markande":9.72972972972973,"HV Patel":9.807692307692308,"S Curran":9.834146341463414,"UT Yadav":9.857142857142858,"DW Steyn":9.875,"AS Rajpoot":9.882352941176471,"Basil Thampi":9.945205479452055,"R Salam":10,"MM Sharma":10.125,"Ankit Sharma":10.153846153846155,"SL Malinga":10.221428571428572,"S Nadeem":10.222222222222221,"H Viljoen":10.26206896551724,"M Ur Rahman":10.292682926829269,"Avesh Khan":10.333333333333334,"AJ Tye":10.5,"JD Unadkat":10.728813559322033,"C de Grandhomme":10.838709677419354,"L Ferguson":10.867924528301886,"P Raj":11.25,"A Joseph":11.510204081632654,"VR Aaron":11.513513513513512,"KV Sharma":11.647058823529411,"V Chakravarthy":11.666666666666666,"A Singh":12,"BA Stokes":12.055045871559631,"BB Sran":12.479999999999999,"Mandeep Singh":13,"P R Barman":14,"TG Southee":14.06896551724138,"BCJ Cutting":14.727272727272728,"S Midhun":14.76923076923077,"KC Cariappa":16.153846153846153,"SN Khan":18,"L Livingstone":19.5}}