{"matchesPlayedPerYear":{"Ankit Sharma":5.866666666666666,"AR Patel":6.312655086848634,"R Rampaul":6.342857142857143,"R Tewatia":6.4363636363636365,"NM Coulter-Nile":6.4799999999999995,"Harbhajan Singh":6.537313432835821,"SL Malinga":6.592592592592593,"Shakib Al Hasan":6.625407166123779,"SP Narine":6.6291560102301785,"B Kumar":6.662576687116564,"P Kumar":6.75,"RN ten Doeschate":7,"Z Khan":7.037593984962406,"R Ashwin":7.060686015831135,"YS Chahal":7.094224924012158,"S Badree":7.103448275862069,"PV Tambe":7.203947368421053,"STR Binny":7.222222222222222,"JP Duminy":7.223880597014926,"M Morkel":7.396721311475409,"MA Starc":7.415929203539823,"TG Southee":7.428571428571429,"R Bhatia":7.454545454545454,"WD Parnell":7.4603174603174605,"JJ Bumrah":7.487804878048781,"JA Morkel":7.544554455445545,"KW Richardson":7.554216867469879,"Shivam Sharma":7.5625,"SR Watson":7.567164179104478,"SK Raina":7.570093457943925,"M Muralitharan":7.575757575757576,"R Dhawan":7.612244897959184,"M de Lange":7.615384615384616,"PP Chawla":7.69620253164557,"KV Sharma":7.705882352941177,"DW Steyn":7.7368421052631575,"BCJ Cutting":7.75,"IC Pandey":7.818897637795275,"DS Kulkarni":7.9298245614035086,"Karanveer Singh":7.935483870967741,"MG Johnson":7.9411764705882355,"S Gopal":7.976470588235294,"Y Venugopal Rao":8,"SA Yadav":8,"S Rana":8,"S Nadeem":8.017021276595745,"KK Cooper":8.036697247706421,"RA Jadeja":8.06024096385542,"Imran Tahir":8.061068702290077,"AN Ahmed":8.089887640449438,"VR Aaron":8.096069868995635,"UT Yadav":8.106382978723405,"Mohammed Shami":8.135231316725978,"Yuvraj Singh":8.185714285714287,"PP Ojha":8.191489361702128,"AB Dinda":8.338461538461539,"MM Sharma":8.462962962962964,"Sandeep Sharma":8.4901185770751,"JH Kallis":8.64179104477612,"RG Sharma":8.666666666666666,"IK Pathan":8.708333333333334,"L Balaji":8.714285714285714,"BW Hilfenhaus":8.793103448275861,"JD Unadkat":8.825396825396826,"Parvez Rasool":8.892857142857142,"A Mishra":8.921739130434782,"Iqbal Abdulla":9,"R Vinay Kumar":9.092783505154639,"MC Henriques":9.142857142857142,"I Sharma":9.181818181818182,"LR Shukla":9.263157894736842,"A Nehra":9.326086956521738,"DR Smith":9.580645161290322,"PJ Cummins":9.666666666666666,"VS Malik":9.666666666666666,"JP Faulkner":9.690647482014388,"S Kaul":9.951219512195122,"HV Patel":9.971830985915492,"KA Pollard":10,"P Suyal":10,"YK Pathan":10,"JDS Neesham":10.105263157894736,"CJ Anderson":10.162162162162161,"JW Hastings":10.235294117647058,"P Awana":10.26206896551724,"BE Hendricks":10.297297297297296,"AD Russell":10.451612903225806,"JO Holder":10.5,"P Negi":10.604651162790697,"K Santokie":10.705882352941176,"DJG Sammy":10.840909090909092,"R Shukla":10.862068965517242,"R Sharma":11.142857142857144,"LMP Simmons":11.333333333333334,"M Kartik":11.375,"GJ Maxwell":11.4,"SB Jakati":11.714285714285714,"M Vijay":13,"DJ Hussey":13.411764705882351,"MK Tiwary":16.8,"V Shankar":22.8}}