{"matchesPlayedPerYear":{"ND Doshi":4.08,"V Sehwag":4.181818181818182,"AJ Finch":6,"R Ashwin":6.222222222222222,"RE van der Merwe":6.230769230769231,"DP Nannes":6.46788990825688,"DW Steyn":6.518324607329843,"A Kumble":6.525773195876289,"AB Dinda":6.549295774647887,"M Kartik":6.635593220338983,"Yuvraj Singh":6.690647482014388,"T Thushara":6.717391304347826,"DE Bollinger":6.726315789473684,"PD Collingwood":6.733333333333333,"A Mishra":6.786585365853659,"RR Powar":6.791666666666667,"WPUJC Vaas":6.837209302325581,"Harbhajan Singh":6.916167664670659,"JP Duminy":6.9375,"SL Malinga":6.967741935483871,"M Muralitharan":6.980392156862745,"K Goel":7,"Harmeet Singh":7.08,"CRD Fernando":7.1,"KA Pollard":7.1072961373390555,"YK Pathan":7.121495327102804,"A Symonds":7.12962962962963,"SE Bond":7.142857142857143,"B Akhil":7.199999999999999,"A Nehra":7.2,"VY Mahesh":7.2631578947368425,"KP Appanna":7.285714285714286,"RJ Harris":7.3538461538461535,"SK Trivedi":7.35483870967742,"PP Ojha":7.357541899441341,"SK Raina":7.387755102040816,"JM Kemp":7.404255319148937,"ST Jayasuriya":7.418181818181819,"Iqbal Abdulla":7.4399999999999995,"PP Chawla":7.52027027027027,"UT Yadav":7.578947368421053,"SK Warne":7.6524590163934425,"J Theron":7.746835443037975,"SB Jakati":7.758620689655173,"KP Pietersen":7.830508474576271,"PJ Sangwan":7.839195979899498,"R McLaren":7.878504672897197,"AG Murtaza":7.9714285714285715,"Z Khan":7.972602739726028,"CK Langeveldt":8,"SR Watson":8.043478260869565,"SW Tait":8.058823529411764,"R Sharma":8.095238095238095,"DJ Hussey":8.1,"BAW Mendis":8.16,"BJ Hodge":8.2,"L Ablish":8.222222222222221,"RG Sharma":8.224137931034484,"JD Unadkat":8.225806451612902,"AD Mascarenhas":8.25,"P Kumar":8.25263157894737,"AD Mathews":8.269565217391303,"AC Voges":8.290909090909091,"JH Kallis":8.320916905444127,"JA Morkel":8.338983050847459,"MR Marsh":8.34375,"Kamran Khan":8.368421052631579,"DL Vettori":8.4,"R Bhatia":8.412371134020617,"MF Maharoof":8.456375838926174,"R Vinay Kumar":8.565371024734983,"TM Dilshan":8.571428571428571,"M Morkel":8.608695652173912,"VS Malik":8.608695652173912,"SJ Srivastava":8.662921348314606,"DJ Bravo":8.716981132075471,"RP Singh":8.75,"MC Henriques":8.75,"L Balaji":8.794520547945206,"S Sreesanth":8.953125,"LR Shukla":9,"IK Pathan":9,"STR Binny":9,"MM Patel":9.076923076923077,"CH Gayle":9.08910891089109,"I Sharma":9.132075471698114,"AB Agarkar":9.2,"Jaskaran Singh":9.26086956521739,"DR Smith":9.391304347826086,"Bipul Sharma":9.4,"MK Tiwary":9.428571428571429,"S Tyagi":9.470588235294118,"AP Dole":9.5,"V Kohli":9.5625,"YA Abdulla":9.571428571428571,"RS Gavaskar":9.6,"KAJ Roach":9.6,"DS Kulkarni":9.6,"R Sathish":9.719999999999999,"AB McDonald":9.741176470588236,"RS Bopara":9.777777777777779,"S Ladda":9.818181818181818,"Y Nagar":9.88235294117647,"Y Venugopal Rao":10,"FY Fazal":10,"SC Ganguly":10.319999999999999,"B Lee":10.382022471910112,"Joginder Sharma":10.470588235294118,"A Uniyal":10.578947368421053,"AA Jhunjhunwala":10.615384615384615,"MS Gony":10.823529411764707,"MB Parmar":11,"Pankaj Singh":11.066666666666666,"TL Suman":11.076923076923078,"AN Ahmed":11.142857142857142,"S Narwal":11.387755102040817,"A Mithun":11.7,"VRV Singh":11.714285714285714,"S Sriram":12,"C Ganapathy":13,"NLTC Perera":19,"CL White":19,"SB Wagh":19.2}}