{"matchesPlayedPerYear":{"TM Dilshan":3,"DJ Thornely":5.454545454545455,"BAW Mendis":6,"RG Sharma":6.239999999999999,"Sohail Tanvir":6.25,"DW Steyn":6.437246963562753,"IK Pathan":6.446428571428571,"AB Dinda":6.514285714285714,"SC Ganguly":6.545454545454545,"SM Pollock":6.698181818181818,"GD McGrath":6.736196319018404,"DL Vettori":6.75,"M Muralitharan":6.764227642276423,"MF Maharoof":6.8,"A Mishra":6.829268292682927,"Mohammad Hafeez":6.870967741935483,"SR Watson":6.88953488372093,"Shoaib Akhtar":7.0434782608695645,"DR Smith":7.217391304347826,"SB Styris":7.221556886227545,"M Ntini":7.23943661971831,"RR Powar":7.246753246753246,"B Lee":7.298969072164948,"MS Gony":7.37466307277628,"AD Mascarenhas":7.4399999999999995,"DS Kulkarni":7.523316062176167,"AB Agarkar":7.535714285714286,"V Kohli":7.591836734693878,"PP Ojha":7.601694915254237,"MM Patel":7.644578313253012,"A Nehra":7.67741935483871,"Shahid Afridi":7.686486486486487,"ST Jayasuriya":7.700787401574803,"SK Warne":7.716981132075472,"DP Vijaykumar":7.735849056603773,"CRD Fernando":7.748031496062992,"Iqbal Abdulla":7.764705882352941,"R Vinay Kumar":7.787234042553192,"Umar Gul":7.8675496688741715,"I Sharma":7.909090909090909,"B Akhil":7.961538461538462,"A Kumble":7.983050847457626,"DJ Bravo":8.011173184357542,"JA Morkel":8.012903225806452,"Harbhajan Singh":8.129032258064516,"PM Sarvesh Kumar":8.129032258064516,"S Sreesanth":8.150602409638553,"SK Trivedi":8.167224080267559,"P Kumar":8.203636363636363,"YK Pathan":8.272189349112425,"PP Chawla":8.307692307692308,"R Bhatia":8.345864661654135,"RR Raje":8.435643564356436,"WPUJC Vaas":8.504854368932039,"RP Singh":8.5527950310559,"PJ Sangwan":8.55483870967742,"VY Mahesh":8.571428571428571,"L Balaji":8.575609756097561,"Z Khan":8.614785992217898,"VRV Singh":8.614864864864865,"SB Bangar":8.84,"M Kartik":8.898876404494382,"JDP Oram":8.94,"SB Joshi":8.945454545454545,"DNT Zoysa":8.955223880597016,"Shoaib Malik":9,"SK Raina":9,"Yuvraj Singh":9.107142857142856,"Joginder Sharma":9.151898734177216,"JH Kallis":9.288461538461538,"Y Venugopal Rao":9.340909090909092,"Mohammad Asif":9.350253807106599,"D Salunkhe":9.411764705882353,"LR Shukla":9.692307692307692,"SD Chitnis":9.789473684210527,"AA Noffke":9.84,"AM Nayar":9.857142857142858,"JR Hopes":10,"DJ Hussey":10.177215189873419,"Pankaj Singh":10.18421052631579,"A Nel":10.333333333333334,"DB Ravi Teja":10.363636363636363,"Gagandeep Singh":10.390243902439025,"MA Khote":10.4,"RA Jadeja":10.5,"D Kalyankrishna":10.559999999999999,"WA Mota":10.799999999999999,"P Amarnath":10.954545454545455,"B Geeves":11.142857142857144,"VS Yeligati":11.806451612903226,"V Sehwag":12,"S Vidyut":12,"Abdur Razzak":12.428571428571427,"K Goel":12.5,"A Symonds":14.790697674418604,"CK Kapugedera":17.294117647058822,"CL White":20.57142857142857,"LPC Silva":21}}