{"matchesPlayedPerYear":{"R Ashwin":3.5,"RS Bopara":3.75,"CK Langeveldt":3.9130434782608696,"AM Rahane":5,"B Lee":5.2153846153846155,"M Muralitharan":5.287128712871287,"JP Duminy":5.3831775700934585,"M Morkel":5.5813953488372094,"A Singh":5.76923076923077,"A Kumble":5.916201117318436,"M Kartik":6.0291262135922326,"J Botha":6.08,"Harbhajan Singh":6.089552238805971,"SK Raina":6.1454545454545455,"MF Maharoof":6.184615384615384,"TM Dilshan":6.1875,"SL Malinga":6.242990654205608,"RR Powar":6.2727272727272725,"DW Steyn":6.413793103448277,"FH Edwards":6.442953020134229,"RA Jadeja":6.5,"A Nehra":6.515337423312883,"AM Nayar":6.545454545454545,"Z Khan":6.545454545454546,"PP Ojha":6.587155963302752,"A Symonds":6.612244897959184,"KP Pietersen":6.769230769230769,"RP Singh":6.771653543307087,"I Sharma":6.783582089552239,"YK Pathan":6.794520547945205,"T Henderson":6.833333333333333,"MM Patel":6.837209302325581,"A Mishra":6.896551724137931,"R Bhatia":6.902255639097744,"LR Shukla":6.954545454545455,"B Akhil":6.956521739130435,"C Nanda":6.959999999999999,"GR Napier":7,"PP Chawla":7.010989010989011,"Yuvraj Singh":7.041322314049586,"SK Warne":7.073482428115017,"RG Sharma":7.086956521739131,"JD Ryder":7.117647058823529,"TL Suman":7.120879120879121,"AD Mascarenhas":7.124999999999999,"WA Mota":7.153846153846154,"SM Harwood":7.161290322580645,"DP Nannes":7.199999999999999,"LA Carseldine":7.199999999999999,"S Tyagi":7.271186440677965,"T Thushara":7.319999999999999,"AB McDonald":7.333333333333333,"CH Gayle":7.3613445378151265,"RJ Harris":7.382198952879581,"Kamran Khan":7.4,"V Kohli":7.459459459459459,"SK Trivedi":7.475409836065574,"JH Kallis":7.515570934256056,"DJ Bravo":7.535545023696683,"PJ Sangwan":7.555555555555555,"KP Appanna":7.583333333333333,"RE van der Merwe":7.586538461538462,"IK Pathan":7.6293929712460065,"SB Jakati":7.714285714285714,"K Goel":7.75,"P Kumar":7.7612903225806456,"AM Salvi":7.811320754716981,"DS Kulkarni":7.8374999999999995,"AB Dinda":7.905405405405405,"JA Morkel":7.951807228915663,"BAW Mendis":8,"Y Venugopal Rao":8.021739130434783,"SC Ganguly":8.054794520547945,"VS Malik":8.108108108108107,"S Sreesanth":8.110344827586207,"YA Abdulla":8.133333333333333,"Joginder Sharma":8.142857142857142,"BJ Hodge":8.146341463414634,"SS Sarkar":8.16,"DJ Hussey":8.16,"DL Vettori":8.205882352941176,"ST Jayasuriya":8.319327731092438,"R Vinay Kumar":8.357142857142858,"Harmeet Singh":8.366197183098592,"MC Henriques":8.447368421052632,"L Balaji":8.458149779735683,"WPUJC Vaas":8.693877551020408,"SB Styris":8.727272727272728,"AB Agarkar":8.834170854271358,"Pankaj Singh":8.863636363636363,"JDP Oram":8.96774193548387,"Shoaib Ahmed":8.970873786407767,"DR Smith":9.035294117647059,"Anureet Singh":9.096774193548386,"VRV Singh":9.222222222222221,"Y Nagar":9.230769230769232,"AS Raut":9.25,"A Mithun":9.333333333333334,"SR Tendulkar":9.567567567567567,"D du Preez":9.6,"A Flintoff":9.636363636363637,"MS Gony":9.700934579439252,"Jaskaran Singh":10.105263157894738,"RR Raje":10.285714285714286,"MK Tiwary":11,"RA Shaikh":11,"LRPL Taylor":11.142857142857142,"VY Mahesh":11.53846153846154,"AD Mathews":12.8,"Mashrafe Mortaza":13.615384615384617,"RR Bose":14.399999999999999,"V Sehwag":25}}