{"matchesPlayedPerYear":{"AG Murtaza":5.5,"L Balaji":5.540983606557377,"SP Narine":5.643059490084986,"SW Tait":5.923076923076923,"RE van der Merwe":6,"LR Shukla":6,"DW Steyn":6.062717770034843,"SL Malinga":6.068376068376068,"WD Parnell":6.234375,"A Chandila":6.289156626506024,"AB McDonald":6.3,"M Muralitharan":6.465306122448979,"AA Jhunjhunwala":6.5,"KMDN Kulasekara":6.545454545454546,"MJ Clarke":6.545454545454546,"R Ashwin":6.552238805970149,"Iqbal Abdulla":6.5820895522388065,"Shakib Al Hasan":6.583783783783784,"AB Dinda":6.705882352941177,"P Kumar":6.759493670886076,"BW Hilfenhaus":6.785046728971963,"AD Mascarenhas":6.804123711340206,"Ankit Sharma":6.816326530612245,"DL Vettori":6.820754716981131,"RN ten Doeschate":6.857142857142857,"SR Watson":6.875,"AL Menaria":6.8999999999999995,"GJ Maxwell":6.947368421052632,"P Negi":6.954545454545454,"Harbhajan Singh":6.967164179104477,"S Nadeem":7.007299270072993,"GB Hogg":7.1454545454545455,"PP Ojha":7.161290322580645,"M Kartik":7.183856502242153,"SK Trivedi":7.188854489164086,"UT Yadav":7.190600522193211,"M Morkel":7.2061855670103085,"DJ Hussey":7.3090909090909095,"JH Kallis":7.321428571428571,"B Kumar":7.325,"J Botha":7.325301204819277,"DS Kulkarni":7.384615384615385,"PP Chawla":7.391304347826087,"KA Pollard":7.410526315789474,"R Bhatia":7.430340557275541,"DR Smith":7.443037974683545,"AD Mathews":7.452229299363057,"RJ Harris":7.486238532110091,"Azhar Mahmood":7.49433962264151,"JA Morkel":7.562700964630225,"RP Singh":7.569230769230769,"MN Samuels":7.569767441860465,"Z Khan":7.58918918918919,"KK Cooper":7.63265306122449,"SK Raina":7.662650602409638,"DAJ Bracewell":7.68,"RA Jadeja":7.722222222222222,"J Theron":7.764705882352941,"B Lee":7.769230769230769,"MM Patel":7.791666666666667,"STR Binny":7.8,"P Awana":7.822525597269625,"DJ Bravo":7.823204419889502,"IK Pathan":7.8410958904109584,"AN Ahmed":7.846153846153847,"A Mishra":7.9375,"JP Duminy":8,"AC Thomas":8,"YK Pathan":8.058394160583942,"CL White":8.1,"Pankaj Singh":8.142857142857142,"SB Jakati":8.153225806451612,"KP Pietersen":8.153846153846153,"R Sharma":8.169642857142856,"JEC Franklin":8.217391304347826,"VY Mahesh":8.3,"KP Appanna":8.355140186915888,"HV Patel":8.481927710843374,"DE Bollinger":8.495575221238939,"A Ashish Reddy":8.5,"A Nehra":8.503448275862068,"DT Christian":8.520710059171597,"Harmeet Singh":8.521739130434783,"R Vinay Kumar":8.536443148688047,"V Pratap Singh":8.571428571428571,"Y Nagar":8.571428571428571,"BA Bhatt":8.58,"MS Gony":8.62251655629139,"DJ Harris":8.666666666666666,"AA Chavan":8.698224852071005,"P Parameswaran":8.754098360655739,"VR Aaron":8.764397905759163,"CJ McKay":8.78048780487805,"Anand Rajan":8.921052631578947,"AB Agarkar":8.933333333333334,"RJ Peterson":9.130434782608695,"J Syed Mohammad":9.209302325581396,"JP Faulkner":9.25,"A Singh":9.369458128078817,"K Upadhyay":9.428571428571429,"SC Ganguly":9.7,"S Dhawan":9.72972972972973,"AD Russell":10.02061855670103,"PJ Sangwan":10.08,"R Shukla":10.105263157894738,"M de Lange":10.285714285714286,"JD Ryder":10.325581395348836,"TM Dilshan":10.636363636363637,"JD Unadkat":10.666666666666666,"A Mithun":10.736842105263158,"NLTC Perera":10.8,"Bipul Sharma":10.933333333333334,"BJ Hodge":11,"V Sehwag":11.25,"RR Powar":11.294117647058822,"TP Sudhindra":11.416666666666666,"LJ Wright":12,"Y Venugopal Rao":13,"CH Gayle":13.4,"AUK Pathan":14,"Sunny Gupta":14.842105263157896,"SPD Smith":15,"PC Valthaty":16,"F du Plessis":16,"S Aravind":16,"AM Nayar":16,"RG Sharma":16,"V Kohli":16.333333333333332,"RR Bhatkal":17.5}}