{"matchesPlayedPerYear":{"NB Singh":4.909090909090909,"Mohammad Nabi":5.363636363636363,"R Tewatia":5.666666666666667,"P Negi":6.15228426395939,"Washington Sundar":6.265193370165745,"Avesh Khan":6.545454545454546,"Harbhajan Singh":6.560975609756097,"GJ Maxwell":6.57391304347826,"S Nadeem":6.611111111111111,"Rashid Khan":6.752293577981652,"LH Ferguson":6.776470588235294,"KH Pandya":6.829268292682927,"AJ Tye":6.84375,"SP Narine":6.847645429362881,"KV Sharma":6.888888888888889,"J Yadav":6.972972972972973,"JD Unadkat":7.148014440433213,"B Kumar":7.15527950310559,"BA Stokes":7.160583941605839,"MG Johnson":7.170731707317073,"JJ Bumrah":7.319034852546917,"DT Christian":7.330645161290322,"AR Patel":7.494880546075085,"CH Morris":7.650793650793651,"R Bhatia":7.674418604651162,"S Badree":7.691275167785236,"RD Chahar":7.695652173913043,"Imran Tahir":7.7622377622377625,"Ankit Soni":7.767857142857142,"YS Chahal":7.8,"NM Coulter-Nile":7.864406779661017,"Z Khan":7.878048780487805,"Bipul Sharma":7.9393939393939394,"A Choudhary":8,"SN Thakur":8.00836820083682,"VR Aaron":8.031496062992126,"Sandeep Sharma":8.04,"A Zampa":8.065573770491804,"KC Cariappa":8.106382978723405,"STR Binny":8.108108108108107,"HH Pandya":8.11111111111111,"SL Malinga":8.11149825783972,"AS Rajpoot":8.168674698795181,"PJ Cummins":8.1875,"S Kaul":8.226244343891402,"Kuldeep Yadav":8.313253012048193,"C de Grandhomme":8.326530612244898,"CR Woakes":8.482014388489208,"T Natarajan":8.487804878048781,"MM Patel":8.487804878048781,"Swapnil Singh":8.511627906976743,"UT Yadav":8.526315789473685,"P Kumar":8.555555555555555,"B Stanlake":8.571428571428571,"CJ Jordan":8.571428571428571,"SK Raina":8.619718309859154,"TS Mills":8.642201834862385,"K Rabada":8.671532846715328,"A Mishra":8.771186440677965,"S Aravind":8.778947368421052,"DS Kulkarni":8.796610169491524,"PP Chawla":8.80327868852459,"TG Southee":8.818181818181818,"SR Watson":8.945454545454545,"MJ McClenaghan":8.956268221574344,"MM Sharma":8.956521739130435,"A Nehra":9,"Mohammed Shami":9.018181818181818,"TA Boult":9.061224489795919,"Mohammed Siraj":9.106382978723405,"RA Jadeja":9.222707423580786,"Basil Thampi":9.237410071942445,"CJ Anderson":9.272727272727272,"Tejas Baroka":9.428571428571429,"S Kaushik":9.617647058823529,"MP Stoinis":9.652173913043478,"Iqbal Abdulla":9.705882352941176,"BCJ Cutting":9.710526315789474,"AF Milne":9.724137931034482,"SB Jakati":9.75,"I Sharma":10,"MC Henriques":10.054054054054054,"PJ Sangwan":10.073394495412844,"TM Head":10.125,"JP Faulkner":10.207317073170731,"DL Chahar":10.227272727272728,"YK Pathan":10.25,"HV Patel":10.319999999999999,"R Vinay Kumar":10.333333333333334,"SS Agarwal":10.5,"CR Brathwaite":10.578947368421053,"DJ Hooda":10.956521739130434,"AD Mathews":11.032258064516128,"DR Smith":11.048780487804878,"AB Dinda":11.169230769230769,"MN Samuels":11.333333333333334,"Yuvraj Singh":11.5,"Mustafizur Rahman":12,"Shakib Al Hasan":12,"RA Tripathi":12,"MS Gony":12.8,"Anureet Singh":13,"BB Sran":13.384615384615385,"MJ Henry":13.741935483870966,"IK Pathan":14.181818181818182,"KA Pollard":15,"Ankit Sharma":16}}