{"matchesPlayedPerYear":{"AC Gilchrist":0,"RG Sharma":4,"Anand Rajan":5.159999999999999,"Bipul Sharma":5.25,"SP Narine":5.487046632124353,"DW Steyn":5.80188679245283,"VS Malik":5.803278688524591,"S Nadeem":6,"Parvez Rasool":6,"BJ Hodge":6,"RJ Harris":6.082191780821918,"AD Mascarenhas":6.25,"A Mishra":6.303191489361702,"MM Sharma":6.349514563106796,"RE van der Merwe":6.358208955223881,"B Kumar":6.367688022284122,"BA Bhatt":6.4,"JDP Oram":6.461538461538462,"P Negi":6.461538461538462,"A Chandila":6.493150684931507,"GH Vihari":6.5,"Harbhajan Singh":6.502325581395349,"SMSM Senanayake":6.525773195876289,"STR Binny":6.5637583892617455,"BAW Mendis":6.591549295774648,"JP Faulkner":6.622784810126583,"KV Sharma":6.682464454976304,"P Kumar":6.696883852691218,"J Botha":6.705882352941177,"AA Chavan":6.75,"R Ashwin":6.767045454545455,"JA Morkel":6.816326530612245,"R Sharma":6.850202429149798,"Yuvraj Singh":6.857142857142857,"SK Trivedi":6.948228882833788,"R Rampaul":7.020746887966806,"MG Johnson":7.047381546134664,"AM Nayar":7.079999999999999,"AN Ahmed":7.105263157894737,"BMAJ Mendis":7.2,"B Lee":7.216216216216216,"M Kartik":7.219917012448133,"SL Malinga":7.2781954887218046,"S Narwal":7.285714285714286,"LR Shukla":7.333333333333333,"P Suyal":7.333333333333333,"R Dhawan":7.340425531914894,"PP Ojha":7.377358490566038,"DJG Sammy":7.401459854014599,"PP Chawla":7.401709401709402,"JH Kallis":7.445121951219512,"RA Jadeja":7.465648854961833,"SR Watson":7.4765625,"RV Gomez":7.5,"P Awana":7.518072289156626,"Azhar Mahmood":7.52808988764045,"R Bhatia":7.533834586466165,"JD Unadkat":7.5353535353535355,"NM Coulter-Nile":7.565217391304348,"IK Pathan":7.592233009708738,"Harmeet Singh":7.628571428571429,"S Sreesanth":7.656716417910448,"I Sharma":7.658536585365853,"L Balaji":7.697749196141479,"DJ Bravo":7.749360613810741,"AD Mathews":7.819148936170213,"Iqbal Abdulla":7.888888888888889,"PV Tambe":7.913043478260869,"DS Kulkarni":7.913793103448277,"DP Nannes":7.920000000000001,"NLTC Perera":7.967479674796748,"CH Morris":7.987012987012987,"TL Suman":8,"RN ten Doeschate":8,"KK Cooper":8.023460410557185,"Z Khan":8.057142857142857,"YK Pathan":8.072727272727274,"RP Singh":8.129032258064516,"MN Samuels":8.16,"M Muralitharan":8.22857142857143,"S Kaul":8.256,"M Morkel":8.2834008097166,"R Vinay Kumar":8.307692307692307,"DJ Hussey":8.328358208955224,"JO Holder":8.370967741935484,"S Badree":8.399999999999999,"Mohammed Shami":8.464285714285714,"KW Richardson":8.465753424657535,"Ankit Sharma":8.5,"Harmeet Singh (2)":8.5,"MC Henriques":8.564885496183207,"A Nehra":8.660633484162895,"Sandeep Sharma":8.666666666666666,"UT Yadav":8.690217391304348,"CL White":8.727272727272728,"YS Chahal":8.75,"SW Tait":8.82857142857143,"DT Christian":8.842105263157896,"AB Agarkar":8.857142857142858,"A Mithun":8.879999999999999,"J Syed Mohammad":8.903225806451612,"WD Parnell":8.905263157894737,"KA Pollard":8.938775510204083,"MS Gony":8.948571428571428,"V Sehwag":9,"S Ladda":9,"MR Marsh":9.049180327868854,"R Shukla":9.056603773584905,"AB Dinda":9.197368421052632,"MM Patel":9.2,"AG Murtaza":9.29032258064516,"K Upadhyay":9.29032258064516,"GB Hogg":9.299999999999999,"B Laughlin":9.6,"LJ Wright":9.619047619047619,"AS Rajpoot":9.652173913043478,"AD Russell":9.714285714285714,"JJ Bumrah":9.866666666666667,"TM Dilshan":10,"AB McDonald":10.2,"CH Gayle":10.25,"BJ Rohrer":10.285714285714285,"A Ashish Reddy":10.390243902439025,"DR Smith":11.419354838709676,"SK Raina":11.5,"PJ Sangwan":12,"IC Pandey":12,"GJ Maxwell":12,"AJ Finch":12.25,"R Sathish":13,"R McLaren":13.25581395348837,"MG Neser":14.879999999999999}}